folder,label,cloud_frac,nodata_frac,bad_frac,flag
a0fd97bd908cadbc2f89fe90390c4992,ayetoro @ 2025-01-15,0.000,0.000,0.000,CLEAN
c3fbff59a1777281af042bbb5d7ba32d,digitari @ 2025-01-15,0.000,0.000,0.000,CLEAN
f18e39f9b21b902eb92ffb751529b0aa,digitari @ 2025-01-15,0.000,0.000,0.000,CLEAN
45699983f6ae451a004285cd18e01f0c,digitari @ 2025-06-15,0.000,0.000,0.000,CLEAN
44ba92ecb7be2437e302140fa2bd0b6c,ayetoro @ 2025-01-15,0.000,0.000,0.000,CLEAN
c6c5f73276ca6d4204683862a61d7a75,nembe @ 2025-01-15,0.000,0.000,0.000,CLEAN
d7b03d9aea1bae2153168ac7146ee78b,san_bartholomew_bay @ 2025-06-15,0.000,0.000,0.000,CLEAN
3752b072ff204632daafed14e04ba38b,forcados @ 2025-01-15,0.000,0.000,0.000,CLEAN
bb66de03d76b428fc960bd6bb1bcd617,forcados @ 2025-01-15,0.000,0.000,0.000,CLEAN
59abf3564965bb9d52900edc863efbfe,koluama @ 2025-01-15,0.000,0.000,0.000,CLEAN
ff2ec4cd2fc9f7c3f13eaabcbc96abf4,koluama @ 2025-01-15,0.000,0.000,0.000,CLEAN
10ae7b12232a77656ccbd76c651a5a10,opobo @ 2025-01-15,0.000,0.000,0.000,CLEAN
594a3bcc750457545bc0e4686530ed9d,ayetoro @ 2025-12-15,0.000,0.000,0.000,CLEAN
b288ac09f82b6615d2fe19b6410a7da4,ayetoro @ 2025-12-15,0.000,0.000,0.000,CLEAN
a630c2816339ec29cdbba1ce4402504e,san_bartholomew_bay @ 2025-01-15,0.000,0.000,0.000,CLEAN
cebfd21850525384c156795b4134efeb,san_bartholomew_bay @ 2025-01-15,0.000,0.000,0.000,CLEAN
4af2c5482478a84b9bf1282fbc7a8d57,ayetoro @ 2025-01-15,0.000,0.000,0.000,CLEAN
8c53fecf565efe3272b8bae7334da91d,ayetoro @ 2025-01-15,0.000,0.000,0.000,CLEAN
5f1d47697905e54e0b355234eed14370,5f1d47697905,0.000,0.000,0.000,CLEAN
45f349684f7e849cf92eb74831678209,escravos @ 2025-01-15,0.000,0.000,0.000,CLEAN
4a9f9e024d06a3f9e7d96ec58dc8c2c0,escravos @ 2025-01-15,0.000,0.000,0.000,CLEAN
d5387129e7d17495d80b4a4dab5a948f,koluama @ 2025-06-15,0.000,0.000,0.000,CLEAN
35c32219e3ecd5b550b033084b56d4e2,nembe @ 2025-01-15,0.001,0.000,0.001,CLEAN
5dae6688bc6b9b96047b9b38634555df,awoye @ 2025-12-15,0.001,0.000,0.001,CLEAN
cf25fe0495eade131602823a7d197dd8,awoye @ 2025-12-15,0.001,0.000,0.001,CLEAN
5123a42a557b8e22a7be1cd2f96a3c4a,forcados @ 2025-12-15,0.001,0.000,0.001,CLEAN
71a2704beadc5a6adc16f8c2fd4e08fb,forcados @ 2025-12-15,0.001,0.000,0.001,CLEAN
b9592784f933ab1fa29eed579f92e14c,akassa @ 2025-01-15,0.002,0.000,0.002,CLEAN
58e76d2bbe815dc869d827ed8673621f,koluama @ 2025-12-15,0.002,0.000,0.002,CLEAN
b71baaea2fa18a3babaa09f0b80f3d92,koluama @ 2025-12-15,0.002,0.000,0.002,CLEAN
a2cb110ac65f632129e3a421e8b60378,digitari @ 2025-12-15,0.002,0.000,0.002,CLEAN
02ed86a852acc279802b6f8d8da1df00,nembe @ 2025-12-15,0.002,0.000,0.002,CLEAN
68279a28961589b9febc25432e655dee,awoye @ 2025-01-15,0.003,0.000,0.003,CLEAN
bb2e3c0dd8c1c16708db4782adb75b1b,forcados @ 2025-12-15,0.003,0.000,0.003,CLEAN
88c36bc49e0110873a8e0ffc36d6bc15,escravos @ 2025-01-15,0.003,0.000,0.003,CLEAN
a3140ed2c8d512de767143b12c1bb6f0,forcados @ 2025-12-15,0.004,0.000,0.004,CLEAN
1606a59f5ddc5c2bbbcd28084eeed1b9,brass @ 2025-01-15,0.004,0.000,0.004,CLEAN
f4525414bfd77a24c76fc4878e1ea9b6,brass @ 2025-01-15,0.004,0.000,0.004,CLEAN
f2543fd4ecde3d8629927856cc489014,escravos @ 2025-06-15,0.005,0.000,0.005,CLEAN
71d697e0d7bf134ea166def67997fb8e,71d697e0d7bf,0.005,0.000,0.005,CLEAN
cb84f489d54e265512fb06eb0d5da079,forcados @ 2025-01-15,0.005,0.000,0.005,CLEAN
0deabb83f556e22c41cb209f00eadc3f,forcados @ 2025-01-15,0.006,0.000,0.006,CLEAN
701317361cf0a0fe81682a384e3b6d7d,bonny_island @ 2025-01-15,0.006,0.000,0.006,CLEAN
517c68ea848df46e5c1514f196743df6,nembe @ 2025-12-15,0.006,0.000,0.006,CLEAN
3f0aad2b4737a8aabb7230473f53fc08,escravos @ 2025-01-15,0.007,0.000,0.007,CLEAN
36a6bf12b3d634dac26e49ee063b3108,ayetoro @ 2025-12-15,0.009,0.000,0.009,CLEAN
8e304ae882615fdfe8b34f48c402c40f,forcados @ 2025-06-15,0.013,0.000,0.013,CLEAN
420e8ba6b1f1a3c216fa03269d97d25b,akassa @ 2025-12-15,0.019,0.000,0.019,CLEAN
4922438d9ca0861c990235c5187f8d11,opobo @ 2025-01-15,0.020,0.000,0.020,CLEAN
951d68b356b2786ec9b7966ff476b58b,brass @ 2025-01-15,0.024,0.000,0.024,CLEAN
cb506ab09747d02f237560741d430c36,brass @ 2025-12-15,0.026,0.000,0.026,CLEAN
b8384fb76ff3702bd69f3566f89c36be,digitari @ 2025-12-15,0.026,0.000,0.026,CLEAN
c16b9810831314bfa988050816865beb,bonny_island @ 2025-01-15,0.026,0.000,0.026,CLEAN
e6dbdece6724823e29c6310d9a5f655d,bonny_island @ 2025-01-15,0.032,0.000,0.033,CLEAN
14893a44181d0ccd19be0d245b6e24cd,san_bartholomew_bay @ 2025-12-15,0.033,0.000,0.033,CLEAN
b9d01b3b98207dfd6a51bc243a49b1e4,ayetoro @ 2025-12-15,0.038,0.000,0.038,CLEAN
f6a3ecf70bf5a63e59c7d39283409f02,f6a3ecf70bf5,0.053,0.000,0.053,CLEAN
10a3f4ae565ebb6d3568e12680fd2b00,brass @ 2025-01-15,0.054,0.000,0.054,CLEAN
e58898751a20d1b8d34a63b65a8216ac,akassa @ 2025-12-15,0.055,0.000,0.055,CLEAN
df0799b41a10f4645b6467ce57a31294,escravos @ 2025-12-15,0.056,0.000,0.056,CLEAN
4942cf05457e169808107603ec293655,brass @ 2025-12-15,0.057,0.000,0.057,CLEAN
2a03589f30050427841ed7918fa949c4,bonny_island @ 2025-12-15,0.065,0.000,0.065,CLEAN
7456ebadd297da9ff0eb53c461892332,7456ebadd297,0.069,0.000,0.069,CLEAN
8755786dee2583cb3f50e3e27b5192b5,brass @ 2025-12-15,0.071,0.000,0.071,CLEAN
d822bdb6718ce25c8d97e9585244bbf8,akassa @ 2025-06-15,0.072,0.000,0.072,CLEAN
bbc5356cf3f0915d85c156c57cd38bbc,awoye @ 2025-01-15,0.075,0.000,0.075,CLEAN
57d944d05194d1c83b400b90bcde52c5,escravos @ 2025-12-15,0.078,0.000,0.078,CLEAN
e78ab4a8837a00e6ae793659019828ab,escravos @ 2025-12-15,0.078,0.000,0.078,CLEAN
6d1be649eb6f79538bfa9535a0baf7c9,brass @ 2025-06-15,0.083,0.000,0.083,CLEAN
04d4c8c3314489908300098a5309593f,escravos @ 2025-12-15,0.086,0.000,0.086,CLEAN
537fa99f965b293095a8a849e41588e4,san_bartholomew_bay @ 2025-12-15,0.087,0.000,0.087,CLEAN
b368d278a28022ee3779bc0a2494b880,bonny_island @ 2025-01-15,0.094,0.000,0.094,CLEAN
9a953837e33e16ca754e47c98d115026,bonny_island @ 2025-12-15,0.100,0.000,0.100,CLEAN
3df182668938ce9830caca7d66ee44a0,brass @ 2025-12-15,0.103,0.000,0.103,CLEAN
5afa49f29a07ee4febab2857a122f9e9,opobo @ 2025-12-15,0.115,0.000,0.115,CLEAN
6bd601453536a2741a3ad444782253ff,nembe @ 2025-06-15,0.145,0.000,0.145,CLEAN
57847cf15dd6ca4701ece02d860b9bc9,akassa @ 2025-01-15,0.193,0.000,0.193,PARTIAL
0fbf91efcb0c1ceaba947c954a88417a,bonny_island @ 2025-12-15,0.289,0.000,0.289,PARTIAL
bfa9bddb948038483908c5135ce27e2c,bonny_island @ 2025-12-15,0.289,0.000,0.289,PARTIAL
6f221da9aad8b1d1e7e0eb2f384aae1c,opobo @ 2025-12-15,0.048,0.706,0.754,CLOUDY
f58761a99b72b604f68923f5d6b0981b,f58761a99b72,0.992,0.000,0.992,CLOUDY
0dd55fb19b5874bc286ee97359de9967,ayetoro @ 2025-06-15,0.000,1.000,1.000,CLOUDY
19f63d4186eb6e1f64fc06f29e534943,opobo @ 2025-06-15,0.000,1.000,1.000,CLOUDY
b05b213e60ae63d2c4689a399ad804cb,awoye @ 2025-06-15,0.000,1.000,1.000,CLOUDY
c654687ea07f03ae2fc2ebaf527808aa,bonny_island @ 2025-06-15,0.000,1.000,1.000,CLOUDY
